<?xml version="1.0" encoding="UTF-8"?>
<project-private xmlns="http://www.netbeans.org/ns/project-private/1">
    <data xmlns="http://www.netbeans.org/ns/make-project-private/1">
        <activeConfTypeElem>1</activeConfTypeElem>
        <activeConfIndexElem>0</activeConfIndexElem>
    </data>
    <editor-bookmarks xmlns="http://www.netbeans.org/ns/editor-bookmarks/2" lastBookmarkId="0"/>
    <open-files xmlns="http://www.netbeans.org/ns/projectui-open-files/1">
        <file>file:/home/clsavill/GitHub/Runners_and_Riders_3_Part/Event_Creation_Program/event.cpp</file>
        <file>file:/home/clsavill/GitHub/Runners_and_Riders_3_Part/Event_Creation_Program/creator.h</file>
        <file>file:/home/clsavill/GitHub/Runners_and_Riders_3_Part/Event_Creation_Program/competitor.h</file>
        <file>file:/home/clsavill/GitHub/Runners_and_Riders_3_Part/Event_Creation_Program/competitor.cpp</file>
        <file>file:/home/clsavill/GitHub/Runners_and_Riders_3_Part/Event_Creation_Program/course.h</file>
        <file>file:/home/clsavill/GitHub/Runners_and_Riders_3_Part/Event_Creation_Program/course.cpp</file>
        <file>file:/home/clsavill/GitHub/Runners_and_Riders_3_Part/Event_Creation_Program/event.h</file>
        <file>file:/home/clsavill/GitHub/Runners_and_Riders_3_Part/Event_Creation_Program/main.cpp</file>
        <file>file:/home/clsavill/GitHub/Runners_and_Riders_3_Part/Event_Creation_Program/nodes.txt</file>
        <file>file:/home/clsavill/GitHub/Runners_and_Riders_3_Part/Event_Creation_Program/courses.txt</file>
        <file>file:/home/clsavill/GitHub/Runners_and_Riders_3_Part/Event_Creation_Program/name.txt</file>
        <file>file:/home/clsavill/GitHub/Runners_and_Riders_3_Part/Event_Creation_Program/entrants.txt</file>
    </open-files>
</project-private>
